type,id,attributes.state,attributes.lastLocationUpdate,attributes.lastStateChange,attributes.batteryLevel,attributes.currentRangeMeters,attributes.lat,attributes.lng,attributes.maxSpeed,attributes.zoneId,attributes.code,attributes.iotVendor,attributes.licencePlate,attributes.isRentable,attributes.vehicleType,attributes.hasHelmetBox,attributes.hasHelmet
vehicle,6a8df165-8bc4-4148-ace8-8b574a034c8c,ACTIVE,2023-09-22T08:09:55Z,2023-09-19T23:28:19Z,69,30000,51.318758,12.288975,20,LEIPZIG,352502,ninebot_g3,142WOS,True,escooter,False,False
vehicle,dc80c9a6-ba2c-4e92-85b7-ae75cba478b9,ACTIVE,2023-09-22T08:13:49Z,2023-09-19T20:34:57Z,88,41000,51.319059,12.388692,20,LEIPZIG,354090,ninebot_g3,309WOS,True,escooter,False,False
vehicle,9ce104fc-c1c9-4659-a94c-bcf7f6fadc92,ACTIVE,2023-09-22T08:15:39Z,2023-09-20T20:55:03Z,86,40000,51.343857,12.383306,20,LEIPZIG,355202,ninebot_g3,117WOS,True,escooter,False,False
vehicle,c6717883-bb28-4e84-8b6a-8a55fc2c46a2,ACTIVE,2023-09-22T02:58:47Z,2023-09-21T21:55:05Z,92,43000,51.353676,12.411206,20,LEIPZIG,356729,ninebot_g3,102WOS,True,escooter,False,False
vehicle,d6a6d2e1-7e3b-4c33-8436-f2e1da3347c6,ACTIVE,2023-09-20T20:45:21Z,2023-09-18T23:33:55Z,81,37000,51.368369,12.386561,20,LEIPZIG,357739,ninebot_g3,370WOS,True,escooter,False,False
vehicle,5d757b44-8e49-40eb-83cb-660cdf259de9,ACTIVE,2023-09-22T08:29:28Z,2023-09-19T22:35:52Z,71,31000,51.350972,12.346899,20,LEIPZIG,357768,ninebot_g3,001WOD,True,escooter,False,False
vehicle,80597eb0-a2dd-4eb7-9883-2ab234cac53c,ACTIVE,2023-09-21T20:17:09Z,2023-09-19T20:25:27Z,86,40000,51.324026,12.400312,20,LEIPZIG,358962,ninebot_g3,944WOS,True,escooter,False,False
vehicle,31ab0d15-167c-476f-af34-0c4d6d960c29,ACTIVE,2023-09-22T08:39:40Z,2023-09-18T20:51:56Z,84,39000,51.373115,12.456089,20,LEIPZIG,359055,ninebot_g3,468WPP,True,escooter,False,False
vehicle,10d4fb06-7562-4858-90b1-595fb0a3ce31,ACTIVE,2023-09-20T13:41:34Z,2023-09-17T23:03:21Z,65,28000,51.368378,12.386583,20,LEIPZIG,359177,ninebot_g3,899WNG,True,escooter,False,False
vehicle,8873b20c-0ecc-4a81-82a9-b0ecdc82293f,ACTIVE,2023-09-22T06:52:25Z,2023-09-22T04:51:36Z,55,23000,51.332284,12.339094,20,LEIPZIG,361049,ninebot_g3,900WOS,True,escooter,False,False
vehicle,17e10bc1-c0e8-4b41-872c-ade18c652ecd,ACTIVE,2023-09-22T08:25:59Z,2023-09-21T00:50:13Z,52,21000,51.34467,12.370545,20,LEIPZIG,361245,ninebot_g3,941WOS,True,escooter,False,False
vehicle,b2c67be9-2fc4-454a-9c10-ef7e007627ea,ACTIVE,2023-09-22T06:27:40Z,2023-09-21T00:50:12Z,66,29000,51.335548,12.355943,20,LEIPZIG,363003,ninebot_g3,939WOS,True,escooter,False,False
vehicle,cf3c3ffa-35e1-419e-9477-2019be5d949f,ACTIVE,2023-09-21T23:26:46Z,2023-09-21T20:23:28Z,92,43000,51.332326,12.395385,20,LEIPZIG,363004,ninebot_g3,106WOS,True,escooter,False,False
vehicle,3843394f-7a4e-4d0e-a958-2c11f7ab5cb6,ACTIVE,2023-09-22T08:15:03Z,2023-09-20T21:07:50Z,89,41000,51.36391,12.402548,20,LEIPZIG,363049,ninebot_g3,948WOS,True,escooter,False,False
vehicle,018410fb-ce81-4b61-a04c-153e63761dd8,ACTIVE,2023-09-22T07:48:19Z,2023-09-12T10:28:59Z,59,25000,51.302797,12.426295,20,LEIPZIG,364273,ninebot_g3,081WOS,True,escooter,False,False
vehicle,23760a48-6233-4604-b055-b86260d47317,ACTIVE,2023-09-22T02:49:05Z,2023-09-15T10:30:01Z,69,30000,51.323048,12.287378,20,LEIPZIG,364298,ninebot_g3,122WOD,True,escooter,False,False
vehicle,7c642dda-67b2-4919-8f1a-d14c2deddfab,ACTIVE,2023-09-21T00:38:36Z,2023-09-20T21:19:03Z,86,40000,51.348088,12.390882,20,LEIPZIG,365447,ninebot_g3,064WOS,True,escooter,False,False
vehicle,c73ed5a0-6da6-48fe-9556-6bd4fe43606e,ACTIVE,2023-09-21T18:12:46Z,2023-09-16T21:50:07Z,47,18000,51.347586,12.313356,20,LEIPZIG,365490,ninebot_g3,726WNT,True,escooter,False,False
vehicle,44eb13e9-01b7-418e-8907-1ccb6ad01d5e,ACTIVE,2023-09-21T15:52:18Z,2023-09-20T19:07:50Z,87,40000,51.301171,12.395698,20,LEIPZIG,365844,ninebot_g3,637WNT,True,escooter,False,False
vehicle,ba4a6d8b-9a95-428f-b2fc-9dc6b9ca0278,ACTIVE,2023-09-22T08:23:17Z,2023-09-18T19:10:40Z,86,40000,51.302883,12.42623,20,LEIPZIG,365857,ninebot_g3,149WOD,True,escooter,False,False
vehicle,b56cf3f8-826e-45d1-bf61-27ec3c934210,ACTIVE,2023-09-22T08:42:50Z,2023-09-17T23:16:04Z,83,38000,51.343948,12.428733,20,LEIPZIG,365876,ninebot_g3,052WOS,True,escooter,False,False
vehicle,426cb691-322d-4ae6-ad36-b61ccbbcfed1,ACTIVE,2023-09-22T01:55:07Z,2023-09-21T20:24:07Z,91,42000,51.332281,12.395359,20,LEIPZIG,368102,ninebot_g3,042WOD,True,escooter,False,False
vehicle,0aeccd44-5cfe-45eb-9765-9b32e4c73bd6,ACTIVE,2023-09-21T17:24:10Z,2023-09-15T09:53:46Z,40,14000,51.322807,12.339358,20,LEIPZIG,368129,ninebot_g3,990WOS,True,escooter,False,False
vehicle,19406802-3a61-474f-9d4a-f852290e4d04,ACTIVE,2023-09-21T20:33:52Z,2023-09-19T22:34:21Z,49,19000,51.348024,12.390922,20,LEIPZIG,368289,ninebot_g3,963WNT,True,escooter,False,False
vehicle,35ef0346-78fd-437b-9bca-203068efffc7,ACTIVE,2023-09-22T06:41:42Z,2023-09-21T00:46:11Z,75,34000,51.332327,12.395432,20,LEIPZIG,368299,ninebot_g3,007WOD,True,escooter,False,False
vehicle,1ffcb6d8-b74f-40c8-adfd-d34dc1e140e4,ACTIVE,2023-09-22T08:39:20Z,2023-09-20T21:11:49Z,89,41000,51.364014,12.402615,20,LEIPZIG,368302,ninebot_g3,177WOD,True,escooter,False,False
vehicle,3004db0a-1f94-42ed-8388-dd7be90ae0a5,ACTIVE,2023-09-21T22:35:21Z,2023-09-19T20:48:39Z,79,36000,51.344737,12.382776,20,LEIPZIG,368303,ninebot_g3,185WOD,True,escooter,False,False
vehicle,0b3f60bf-c39a-459c-8d71-333bd920fa75,ACTIVE,2023-09-22T07:50:09Z,2023-09-20T20:34:07Z,90,42000,51.349883,12.463292,20,LEIPZIG,368314,ninebot_g3,089WOD,True,escooter,False,False
vehicle,54989692-69fa-4fbc-afe8-b9e466a3b388,ACTIVE,2023-09-22T07:10:21Z,2023-09-20T19:29:27Z,40,14000,51.319637,12.342108,20,LEIPZIG,368341,ninebot_g3,109WOD,True,escooter,False,False
vehicle,166d91f3-4e37-43cf-9d1c-9281ae71f879,ACTIVE,2023-09-22T08:10:08Z,2023-09-18T19:11:59Z,85,39000,51.302701,12.426366,20,LEIPZIG,368452,ninebot_g3,024WOD,True,escooter,False,False
vehicle,36f5cf28-edc9-46ce-b7f6-05b50bfb5649,ACTIVE,2023-09-22T07:12:11Z,2023-09-16T21:47:26Z,45,17000,51.319655,12.342046,20,LEIPZIG,368663,ninebot_g3,166WOD,True,escooter,False,False
vehicle,27b7aac5-1e0f-4a60-a366-720effbc6413,ACTIVE,2023-09-22T02:31:58Z,2023-09-21T23:23:56Z,94,44000,51.361078,12.370148,20,LEIPZIG,368686,ninebot_g3,931WNT,True,escooter,False,False
vehicle,9f49d082-2a9e-4019-b9b5-8d209292a967,ACTIVE,2023-09-22T08:03:07Z,2023-09-16T17:35:07Z,56,23000,51.347609,12.313387,20,LEIPZIG,368843,ninebot_g3,111WOS,True,escooter,False,False
vehicle,c0e89862-6fe8-4bd9-83bd-29e19505f9ab,ACTIVE,2023-09-22T04:08:59Z,2023-09-19T23:42:49Z,85,39000,51.342148,12.353217,20,LEIPZIG,369124,ninebot_g3,956WOS,True,escooter,False,False
vehicle,99ed9748-d09c-41b4-86a3-38d9107b8276,ACTIVE,2023-09-20T20:58:18Z,2023-09-12T10:29:12Z,34,11000,51.342132,12.353217,20,LEIPZIG,369128,ninebot_g3,047WOS,True,escooter,False,False
vehicle,8c9f9e0f-67bf-4fda-a9b6-c6fc7a99efda,ACTIVE,2023-09-22T06:39:05Z,2023-09-17T19:56:04Z,73,32000,51.344904,12.379289,20,LEIPZIG,369201,ninebot_g3,065WOD,True,escooter,False,False
vehicle,c2bffa71-182e-4663-a6dd-9f66615d213c,ACTIVE,2023-09-21T22:16:39Z,2023-09-19T20:00:52Z,72,32000,51.3612,12.38123,20,LEIPZIG,369217,ninebot_g3,036WOD,True,escooter,False,False
vehicle,b6f629f5-45d5-406a-8074-2e176bdb62ef,ACTIVE,2023-09-22T08:28:59Z,2023-09-20T19:43:25Z,88,41000,51.317547,12.368208,20,LEIPZIG,369224,ninebot_g3,128WOD,True,escooter,False,False
vehicle,d838c55d-d4b9-4f86-b2ba-d9c854652705,ACTIVE,2023-09-22T04:07:57Z,2023-09-18T20:46:50Z,86,40000,51.349928,12.46333,20,LEIPZIG,369333,ninebot_g3,168WOS,True,escooter,False,False
vehicle,f3c36d41-9e88-49ea-9e98-b8242ad5e47e,ACTIVE,2023-09-21T07:34:31Z,2023-09-20T21:11:27Z,89,41000,51.363903,12.402437,20,LEIPZIG,369437,ninebot_g3,110WOD,True,escooter,False,False
vehicle,5f63b312-aa48-4f8f-9948-f2795019c947,ACTIVE,2023-09-21T21:39:45Z,2023-09-20T21:19:03Z,79,36000,51.371873,12.364383,20,LEIPZIG,369554,ninebot_g3,147WOS,True,escooter,False,False
vehicle,eec57f80-7d40-4c14-928f-e10654e9ebc5,ACTIVE,2023-09-21T19:58:29Z,2023-09-22T05:09:24Z,44,17000,51.413187,12.304624,20,LEIPZIG,369763,ninebot_g3,115WOD,True,escooter,False,False
vehicle,c0f5bef4-fd8c-4194-8fe9-e50aa35fb6a4,ACTIVE,2023-09-21T22:05:05Z,2023-09-18T23:42:25Z,65,28000,51.343918,12.428622,20,LEIPZIG,369774,ninebot_g3,093WOD,True,escooter,False,False
vehicle,f8fb48cd-8817-43f1-9ddc-a792dcb0e4d3,ACTIVE,2023-09-21T21:51:12Z,2023-09-20T21:27:00Z,65,28000,51.343127,12.365166,20,LEIPZIG,370128,ninebot_g3,016WOD,True,escooter,False,False
vehicle,ca8b4c52-2f97-4a02-b413-9a6117fb326a,ACTIVE,2023-09-22T01:18:48Z,2023-09-21T00:28:49Z,89,41000,51.371834,12.36444,20,LEIPZIG,370133,ninebot_g3,919WOS,True,escooter,False,False
vehicle,23f79c25-b648-400c-a7f6-22a9ab6c3112,ACTIVE,2023-09-22T03:31:55Z,2023-09-17T17:52:17Z,82,37000,51.332332,12.395342,20,LEIPZIG,370146,ninebot_g3,144WOD,True,escooter,False,False
vehicle,239c62bf-467a-4a1f-8072-39257e7e0ef8,ACTIVE,2023-09-22T08:03:01Z,2023-09-16T21:48:34Z,48,19000,51.397522,12.398081,20,LEIPZIG,370161,ninebot_g3,759WOS,True,escooter,False,False
vehicle,0c46a8db-5a38-4818-b9ba-b4ab1b587b5e,ACTIVE,2023-09-21T14:37:54Z,2023-09-21T00:22:35Z,85,39000,51.368424,12.386564,20,LEIPZIG,370233,ninebot_g3,998WOS,True,escooter,False,False
vehicle,4869c738-4806-4a4f-a54a-7d9d4d15fcf9,ACTIVE,2023-09-22T06:18:11Z,2023-09-16T20:05:09Z,74,33000,51.371854,12.36443,20,LEIPZIG,370356,ninebot_g3,135WOD,True,escooter,False,False
vehicle,a6c1750e-941f-40e7-825a-34c88d64b984,ACTIVE,2023-09-22T06:18:54Z,2023-09-21T01:04:42Z,72,32000,51.31448,12.373158,20,LEIPZIG,370414,ninebot_g3,741WOS,True,escooter,False,False
vehicle,3ed13ee0-3f3e-49af-98cb-c9eb2cc991ef,ACTIVE,2023-09-22T06:36:14Z,2023-09-20T19:05:37Z,73,32000,51.36108,12.370141,20,LEIPZIG,370456,ninebot_g3,055WOD,True,escooter,False,False
vehicle,6a0fd413-a48d-444e-84c6-08a372e8a35c,ACTIVE,2023-09-21T21:19:37Z,2023-09-21T18:03:17Z,56,23000,51.324009,12.400317,20,LEIPZIG,370527,ninebot_g3,090WOD,True,escooter,False,False
vehicle,cfb3c9e5-0236-4f0a-9ef9-bec9d5da3085,ACTIVE,2023-09-22T08:21:18Z,2023-09-21T00:14:38Z,88,41000,51.367306,12.375385,20,LEIPZIG,370569,ninebot_g3,921WOS,True,escooter,False,False
vehicle,106a20ec-f0c3-46b4-ba02-9644c9c6c735,ACTIVE,2023-09-22T08:37:57Z,2023-09-22T00:22:08Z,87,40000,51.344395,12.370233,20,LEIPZIG,370634,ninebot_g3,979WOS,True,escooter,False,False
vehicle,168b1d2c-ff40-4fef-9a9b-2b45baa09425,ACTIVE,2023-09-22T08:08:06Z,2023-09-20T21:19:03Z,56,23000,51.348108,12.390912,20,LEIPZIG,370643,ninebot_g3,111WOD,True,escooter,False,False
vehicle,8e4692bf-4ac8-48c3-a3d7-b2895b3cd8c3,ACTIVE,2023-09-22T06:02:37Z,2023-09-16T01:55:05Z,52,21000,51.316678,12.378094,20,LEIPZIG,370644,ninebot_g3,902WOS,True,escooter,False,False
vehicle,ce7aacee-fc35-474f-84aa-b3cc00b417e6,ACTIVE,2023-09-22T08:41:45Z,2023-09-19T23:10:33Z,40,14000,51.323002,12.287321,20,LEIPZIG,370709,ninebot_g3,179WOD,True,escooter,False,False
vehicle,40efbb5e-d2d4-43b3-80a9-e40a735d9612,ACTIVE,2023-09-22T08:40:56Z,2023-09-21T00:30:16Z,90,42000,51.371838,12.364467,20,LEIPZIG,370899,ninebot_g3,931WOS,True,escooter,False,False
vehicle,dec8f3b7-46c0-4aa7-a480-c327f24848eb,ACTIVE,2023-09-21T20:25:23Z,2023-09-20T19:58:07Z,74,33000,51.338638,12.403759,20,LEIPZIG,370920,ninebot_g3,145WOD,True,escooter,False,False
vehicle,6de7b148-6542-4abb-9fef-0396f358af91,ACTIVE,2023-09-22T07:28:30Z,2023-09-14T18:04:43Z,53,21000,51.371852,12.364442,20,LEIPZIG,370970,ninebot_g3,069WOD,True,escooter,False,False
vehicle,5ada57ea-a084-4876-87e3-2f82389eba3b,ACTIVE,2023-09-22T07:17:10Z,2023-09-18T23:08:18Z,28,8000,51.343149,12.365223,20,LEIPZIG,370985,ninebot_g3,040WOD,True,escooter,False,False
vehicle,145dd621-51df-468d-a015-eb290960b3d3,ACTIVE,2023-09-22T08:13:49Z,2023-09-21T21:36:37Z,93,43000,51.349928,12.463287,20,LEIPZIG,370995,ninebot_g3,975WOS,True,escooter,False,False
vehicle,f42aacd3-931d-49f4-a839-523c5ffb22df,ACTIVE,2023-09-22T08:27:03Z,2023-09-20T21:37:23Z,89,41000,51.357485,12.376954,20,LEIPZIG,371004,ninebot_g3,035WOD,True,escooter,False,False
vehicle,112a2141-747c-4c12-8560-92136d24a297,ACTIVE,2023-09-22T01:17:12Z,2023-09-19T23:20:10Z,68,30000,51.320507,12.32675,20,LEIPZIG,371005,ninebot_g3,052WOD,True,escooter,False,False
vehicle,2ff80c8d-ebf9-4164-b6d9-d023585b7e4a,ACTIVE,2023-09-22T08:20:00Z,2023-09-16T21:50:37Z,45,17000,51.335504,12.355968,20,LEIPZIG,371012,ninebot_g3,968WOS,True,escooter,False,False
vehicle,041a936b-1c6b-454b-81a6-1f758d70a8a3,ACTIVE,2023-09-22T01:13:05Z,2023-09-17T19:53:20Z,42,15000,51.332309,12.339056,20,LEIPZIG,371019,ninebot_g3,984WOS,False,escooter,False,False
vehicle,9ef96075-7d2b-43da-90f7-1f193b28d730,ACTIVE,2023-09-22T06:57:36Z,2023-09-20T20:56:01Z,83,38000,51.353897,12.41117,20,LEIPZIG,371033,ninebot_g3,033WOD,True,escooter,False,False
vehicle,8994592b-e383-4ce1-a7ea-43e489d79976,ACTIVE,2023-09-22T07:45:35Z,2023-09-20T20:58:31Z,89,41000,51.356727,12.415872,20,LEIPZIG,371035,ninebot_g3,127WOD,True,escooter,False,False
vehicle,7f62d070-8014-4fa5-a0f8-a0299f17a719,ACTIVE,2023-09-22T08:07:43Z,2023-09-21T00:41:10Z,88,41000,51.363899,12.402427,20,LEIPZIG,371036,ninebot_g3,769WOS,True,escooter,False,False
vehicle,edf6868b-c0f8-4850-9ef8-47883e3790af,ACTIVE,2023-09-22T07:31:59Z,2023-09-21T21:54:19Z,93,43000,51.353859,12.411275,20,LEIPZIG,371044,ninebot_g3,105WOD,True,escooter,False,False
vehicle,b9b01760-882b-4d93-82a1-3f075a39d4b8,ACTIVE,2023-09-21T00:33:49Z,2023-09-20T21:10:07Z,89,41000,51.36394,12.402466,20,LEIPZIG,371051,ninebot_g3,051WOD,True,escooter,False,False
vehicle,0282e6bc-f9c4-43f5-b7ce-80c063fb2c24,ACTIVE,2023-09-22T05:10:10Z,2023-09-20T00:36:50Z,70,31000,51.311728,12.372962,20,LEIPZIG,371071,ninebot_g3,967WOS,True,escooter,False,False
vehicle,c2f5f12d-642e-4565-9a99-539730a2c153,ACTIVE,2023-09-22T06:11:43Z,2023-09-20T21:02:34Z,88,41000,51.363941,12.402478,20,LEIPZIG,371081,ninebot_g3,080WOD,True,escooter,False,False
vehicle,732c7835-92a7-4610-838e-585d7035e768,ACTIVE,2023-09-22T07:47:08Z,2023-09-19T21:37:08Z,87,40000,51.343872,12.428729,20,LEIPZIG,371091,ninebot_g3,951WOS,True,escooter,False,False
vehicle,89fee145-6dcc-46d1-8c6f-9eab038284a2,ACTIVE,2023-09-22T06:26:49Z,2023-09-17T20:18:40Z,63,27000,51.335466,12.355992,20,LEIPZIG,371092,ninebot_g3,915WOS,True,escooter,False,False
vehicle,be6d2fb4-04d8-4148-8b55-8a3910f7e4ce,ACTIVE,2023-09-22T01:07:46Z,2023-09-17T00:16:20Z,67,29000,51.33231,12.395404,20,LEIPZIG,371093,ninebot_g3,929WOS,True,escooter,False,False
vehicle,73176f29-ea01-4516-a8df-0a5195de840e,ACTIVE,2023-09-22T08:32:57Z,2023-09-17T19:48:12Z,34,11000,51.347315,12.313084,20,LEIPZIG,371237,ninebot_g3,056WOD,True,escooter,False,False
vehicle,4734401d-facd-48b3-b521-2247e87bd07a,ACTIVE,2023-09-22T08:10:11Z,2023-09-21T22:08:41Z,92,43000,51.363901,12.402507,20,LEIPZIG,371287,ninebot_g3,199WOD,True,escooter,False,False
vehicle,ac1e7df1-3919-4e7c-8715-71744d62bd1f,ACTIVE,2023-09-22T08:40:35Z,2023-09-17T22:52:52Z,75,34000,51.343911,12.428626,20,LEIPZIG,371318,ninebot_g3,117WOD,True,escooter,False,False
vehicle,83566920-5678-433e-9619-af4d87291c70,ACTIVE,2023-09-22T08:41:53Z,2023-09-20T21:30:47Z,76,34000,51.337801,12.381719,20,LEIPZIG,371409,ninebot_g3,106WOD,True,escooter,False,False
vehicle,6b1d58b3-9e5a-4a60-8d85-2e94986fba68,ACTIVE,2023-09-22T08:37:35Z,2023-09-19T23:40:48Z,84,39000,51.341257,12.324055,20,LEIPZIG,371885,ninebot_g3,980WOS,True,escooter,False,False
vehicle,009d9114-3d31-4f2b-a4dd-ab93216991c3,ACTIVE,2023-09-22T08:29:25Z,2023-09-17T22:43:43Z,57,24000,51.359303,12.414656,20,LEIPZIG,371915,ninebot_g3,767WOS,True,escooter,False,False
vehicle,4a0fe9cf-b0fa-42c1-bd10-1abe1654f1b2,ACTIVE,2023-09-22T07:56:01Z,2023-09-16T22:44:53Z,40,14000,51.349049,12.372091,20,LEIPZIG,372010,ninebot_g3,796WOS,True,escooter,False,False
vehicle,f46d289b-4a54-4a17-bda5-26e7f03d3368,ACTIVE,2023-09-22T08:01:32Z,2023-09-14T20:17:26Z,57,24000,51.318683,12.40753,20,LEIPZIG,372018,ninebot_g3,164WOD,True,escooter,False,False
vehicle,b7e02088-be02-4419-b62d-72a9360fc966,ACTIVE,2023-09-22T07:59:56Z,2023-09-19T20:44:19Z,66,29000,51.318703,12.407527,20,LEIPZIG,372060,ninebot_g3,172WOD,True,escooter,False,False
vehicle,1a7497f1-1f17-4310-afc9-24b3d6920978,ACTIVE,2023-09-22T08:06:19Z,2023-09-21T19:44:42Z,92,43000,51.301175,12.39576,20,LEIPZIG,372065,ninebot_g3,101WOD,True,escooter,False,False
vehicle,4a54b78f-ad53-4da6-8164-63aa74ea41a3,ACTIVE,2023-09-22T08:41:36Z,2023-09-13T20:13:33Z,57,24000,51.323031,12.287331,20,LEIPZIG,372168,ninebot_g3,466WPP,True,escooter,False,False
vehicle,668591f1-cbee-4ca1-a192-28649a28dfbf,ACTIVE,2023-09-22T08:27:23Z,2023-09-18T23:17:45Z,43,16000,51.332293,12.339112,20,LEIPZIG,372297,ninebot_g3,153WOD,True,escooter,False,False
vehicle,20fb35cb-cded-43e6-bceb-6c1be275a14b,ACTIVE,2023-09-22T08:18:29Z,2023-09-18T23:39:30Z,61,26000,51.363899,12.402513,20,LEIPZIG,372855,ninebot_g3,771WOS,True,escooter,False,False
vehicle,0a034d7b-b22b-41cd-adf9-7a5dca9bb81d,ACTIVE,2023-09-22T08:24:36Z,2023-09-18T18:53:28Z,43,16000,51.337813,12.381717,20,LEIPZIG,372857,ninebot_g3,037WOD,True,escooter,False,False
vehicle,c7813b8f-a252-431e-abee-07022cbafc22,ACTIVE,2023-09-22T08:36:07Z,2023-09-20T21:19:01Z,68,30000,51.330355,12.315396,20,LEIPZIG,372858,ninebot_g3,066WOD,True,escooter,False,False
vehicle,385d4164-5489-46a9-a035-a575195bf7d6,ACTIVE,2023-09-22T08:16:22Z,2023-09-18T20:45:55Z,84,39000,51.349889,12.463275,20,LEIPZIG,372869,ninebot_g3,188WOD,True,escooter,False,False
vehicle,b8a6016d-8dbe-447e-8d86-859c8acf8529,ACTIVE,2023-09-22T07:45:59Z,2023-09-19T20:42:33Z,79,36000,51.34489,12.379296,20,LEIPZIG,372876,ninebot_g3,053WOD,True,escooter,False,False
vehicle,75f02b6f-2a3d-43bc-b712-345ef9322440,ACTIVE,2023-09-22T08:42:55Z,2023-09-20T21:00:47Z,88,41000,51.302864,12.426362,20,LEIPZIG,372890,ninebot_g3,157WOD,True,escooter,False,False
vehicle,f1a4b141-a362-43f5-b79e-eb51b292c85b,ACTIVE,2023-09-22T07:49:47Z,2023-09-17T19:55:30Z,75,34000,51.361201,12.381264,20,LEIPZIG,372894,ninebot_g3,175WOD,True,escooter,False,False
vehicle,42a56209-f545-478e-8391-3cd3f8def84d,ACTIVE,2023-09-22T08:40:56Z,2023-09-21T19:24:53Z,92,43000,51.302779,12.426304,20,LEIPZIG,372912,ninebot_g3,773WOS,True,escooter,False,False
vehicle,aeb201a6-7927-4a4e-bf24-841830e0c63d,ACTIVE,2023-09-22T08:41:42Z,2023-09-18T23:00:37Z,42,15000,51.320532,12.326704,20,LEIPZIG,372923,ninebot_g3,995WOS,True,escooter,False,False
vehicle,c9b54f81-bc68-4a7b-bf62-897a40f58728,ACTIVE,2023-09-22T08:08:53Z,2023-09-14T19:27:21Z,62,26000,51.349889,12.463285,20,LEIPZIG,372929,ninebot_g3,198WOD,True,escooter,False,False
vehicle,3ff71912-1d8a-48cc-a8a2-bfdc46ebe9d7,ACTIVE,2023-09-22T07:56:31Z,2023-09-21T19:17:11Z,89,41000,51.332297,12.395397,20,LEIPZIG,372941,ninebot_g3,095WOS,True,escooter,False,False
vehicle,583d8c55-bbf8-4fb6-ba6d-5ca3a073151a,ACTIVE,2023-09-22T08:29:54Z,2023-09-21T22:48:56Z,92,43000,51.368384,12.386569,20,LEIPZIG,372958,ninebot_g3,160WOD,True,escooter,False,False
vehicle,609ee4d2-7f09-4e92-8ea4-46e799c03350,ACTIVE,2023-09-22T08:41:05Z,2023-09-19T00:26:36Z,82,37000,51.318081,12.383174,20,LEIPZIG,372959,ninebot_g3,004WOD,True,escooter,False,False
vehicle,8913a4c1-8d65-42bc-b21b-45fced843da3,ACTIVE,2023-09-22T07:54:54Z,2023-09-19T19:47:47Z,86,40000,51.301281,12.395648,20,LEIPZIG,372982,ninebot_g3,920WOS,True,escooter,False,False
vehicle,52f0808b-a635-4e2a-91bd-57f49f2302c9,ACTIVE,2023-09-22T08:37:38Z,2023-09-22T00:14:10Z,90,42000,51.344906,12.379277,20,LEIPZIG,373064,ninebot_g3,018WOD,True,escooter,False,False
vehicle,94dbd15e-a50d-402a-b56c-a4b865e961b8,ACTIVE,2023-09-22T07:57:38Z,2023-09-18T20:38:53Z,85,39000,51.343901,12.428618,20,LEIPZIG,373237,ninebot_g3,098WOD,True,escooter,False,False
vehicle,a66328ea-d913-4b60-b8c4-a0e2b2936846,ACTIVE,2023-09-22T08:42:24Z,2023-09-19T22:06:36Z,87,40000,51.351711,12.462449,20,LEIPZIG,373624,ninebot_g3,102WOD,True,escooter,False,False
vehicle,4bb59783-b53d-46fb-a3e6-1481e971f72f,ACTIVE,2023-09-22T08:39:48Z,2023-09-17T22:52:31Z,32,10000,51.347654,12.313408,20,LEIPZIG,373638,ninebot_g3,116WOD,True,escooter,False,False
vehicle,e168cddb-8fd5-42c8-ad96-0c46d9d465c7,ACTIVE,2023-09-22T07:58:55Z,2023-09-21T19:45:04Z,91,42000,51.30117,12.395764,20,LEIPZIG,373666,ninebot_g3,167WOD,True,escooter,False,False
vehicle,600ab1de-7989-4ad9-8e56-17d88cfb4457,ACTIVE,2023-09-22T08:09:54Z,2023-09-17T19:37:07Z,73,32000,51.371838,12.364476,20,LEIPZIG,373698,ninebot_g3,088WOD,True,escooter,False,False
vehicle,d1b81e38-bcb7-4765-ba56-5841cd4268e4,ACTIVE,2023-09-22T08:09:17Z,2023-09-21T22:50:03Z,93,43000,51.368387,12.386552,20,LEIPZIG,373700,ninebot_g3,760WOS,True,escooter,False,False
vehicle,ce02aa59-3b3d-4cc7-b802-80e58cadb754,ACTIVE,2023-09-22T07:51:16Z,2023-09-19T22:34:23Z,42,15000,51.301163,12.395756,20,LEIPZIG,373712,ninebot_g3,191WOD,True,escooter,False,False
vehicle,83d9c67e-d970-4214-8f51-b9a3970f2f6e,ACTIVE,2023-09-22T08:35:37Z,2023-09-21T00:58:14Z,75,34000,51.361206,12.381252,20,LEIPZIG,373726,ninebot_g3,950WOS,True,escooter,False,False
vehicle,2ab38b4f-8697-4902-87e4-ed9790a83e6e,ACTIVE,2023-09-22T08:39:16Z,2023-09-19T19:08:18Z,87,40000,51.30281,12.426302,20,LEIPZIG,373785,ninebot_g3,063WOD,True,escooter,False,False
vehicle,0fd88fa8-d2e0-4439-b252-b36bd160bdad,ACTIVE,2023-09-22T08:12:56Z,2023-09-17T18:39:11Z,45,17000,51.323063,12.287305,20,LEIPZIG,373815,ninebot_g3,901WOS,True,escooter,False,False
vehicle,5f611824-1386-428b-999d-3154d9189e31,ACTIVE,2023-09-22T08:32:05Z,2023-09-17T23:15:27Z,81,37000,51.34399,12.428633,20,LEIPZIG,373821,ninebot_g3,180WOD,True,escooter,False,False
vehicle,a25b4916-ace8-4174-88fd-7507eb4fe10b,ACTIVE,2023-09-22T08:42:50Z,2023-09-21T22:49:24Z,92,43000,51.36838,12.386472,20,LEIPZIG,373838,ninebot_g3,401WPP,True,escooter,False,False
vehicle,7b617e84-ad36-4466-b1cb-5036d4e30a7b,ACTIVE,2023-09-22T08:32:05Z,2023-09-21T20:25:03Z,85,39000,51.332289,12.39538,20,LEIPZIG,373842,ninebot_g3,096WOD,True,escooter,False,False
vehicle,7594a8d6-a72a-431e-8d0c-d62b06a65e99,ACTIVE,2023-09-22T08:24:22Z,2023-09-21T20:14:43Z,84,39000,51.311694,12.372842,20,LEIPZIG,373843,ninebot_g3,862WOS,True,escooter,False,False
vehicle,a1c1f4ec-6440-40a3-a8d0-18b4cfcfad32,ACTIVE,2023-09-22T08:39:42Z,2023-09-18T21:14:16Z,54,22000,51.355494,12.414369,20,LEIPZIG,373845,ninebot_g3,060WOD,True,escooter,False,False
vehicle,1b28a810-dfdb-4ef2-99c2-4409cbbe7b58,ACTIVE,2023-09-22T08:34:42Z,2023-09-17T18:40:14Z,39,14000,51.337783,12.381774,20,LEIPZIG,373875,ninebot_g3,912WOS,True,escooter,False,False
vehicle,c606334f-8404-4365-b6f5-c4962a43bc24,ACTIVE,2023-09-22T08:33:36Z,2023-09-18T23:38:49Z,71,31000,51.370503,12.341259,20,LEIPZIG,373884,ninebot_g3,183WOD,True,escooter,False,False
vehicle,f119ae17-6cd0-4f5b-bc5d-abb5f7252b96,ACTIVE,2023-09-22T08:31:56Z,2023-09-18T21:59:16Z,61,26000,51.334989,12.388337,20,LEIPZIG,373895,ninebot_g3,758WOS,False,escooter,False,False
vehicle,7a2e8769-63d3-4479-bf03-8449254ab55d,ACTIVE,2023-09-22T07:53:18Z,2023-09-17T17:51:58Z,59,25000,51.353803,12.411253,20,LEIPZIG,373913,ninebot_g3,130WOD,True,escooter,False,False
vehicle,fa459dd9-a253-48cc-8ec9-d3ca11d0e52f,ACTIVE,2023-09-22T08:40:04Z,2023-09-18T19:40:05Z,71,31000,51.318046,12.38314,20,LEIPZIG,373933,ninebot_g3,743WOS,True,escooter,False,False
vehicle,4bae411a-1308-468c-ac87-fd52b770440e,ACTIVE,2023-09-22T08:22:35Z,2023-09-20T20:11:54Z,86,40000,51.343918,12.428573,20,LEIPZIG,373972,ninebot_g3,936WOS,True,escooter,False,False
vehicle,ec5cb647-1246-4c4d-aa6f-91b4eb77c916,ACTIVE,2023-09-22T08:15:44Z,2023-09-21T00:40:26Z,87,40000,51.361077,12.370128,20,LEIPZIG,374590,ninebot_g3,999WOS,True,escooter,False,False
vehicle,0b54e36c-a8d0-444b-b804-ebe165cd4999,ACTIVE,2023-09-22T08:42:16Z,2023-09-22T00:07:46Z,56,23000,51.341548,12.357666,20,LEIPZIG,374613,ninebot_g3,469WPP,True,escooter,False,False
vehicle,8475e707-dc42-45b4-a993-40d33b316d26,ACTIVE,2023-09-22T08:22:30Z,2023-09-18T19:19:16Z,84,39000,51.302769,12.42636,20,LEIPZIG,374674,ninebot_g3,044WOD,True,escooter,False,False
vehicle,6aa5440b-2278-47d2-92ca-f3b04a941a02,ACTIVE,2023-09-22T08:28:20Z,2023-09-19T00:06:00Z,68,30000,51.350985,12.34693,20,LEIPZIG,375013,ninebot_g3,027WOD,True,escooter,False,False
vehicle,3c13caca-1e64-432b-b1fe-a6188b35f98f,ACTIVE,2023-09-22T08:16:42Z,2023-09-20T20:25:47Z,89,41000,51.343885,12.42862,20,LEIPZIG,375023,ninebot_g3,753WOS,True,escooter,False,False
vehicle,211fbda8-e576-44b8-b5bc-3668507576a7,ACTIVE,2023-09-22T07:54:02Z,2023-09-16T22:22:39Z,28,8000,51.357471,12.376991,20,LEIPZIG,375024,ninebot_g3,083WOD,True,escooter,False,False
vehicle,08ca46a1-730d-489f-9083-956e2b227be5,ACTIVE,2023-09-22T07:48:35Z,2023-09-22T00:07:46Z,68,30000,51.334702,12.329008,20,LEIPZIG,375033,ninebot_g3,195WOD,True,escooter,False,False
vehicle,b58e9978-a891-4b9d-ba45-4008bab546a1,ACTIVE,2023-09-22T08:21:52Z,2023-09-20T21:19:01Z,50,20000,51.348092,12.390895,20,LEIPZIG,375323,ninebot_g3,191WOS,True,escooter,False,False
vehicle,a5dbe5b3-1ac5-4749-8816-634bd41fc48d,ACTIVE,2023-09-22T06:10:23Z,2023-09-20T19:29:44Z,67,29000,51.31165,12.372917,20,LEIPZIG,375344,ninebot_g3,392WOS,True,escooter,False,False
vehicle,44e94fa0-8a58-45a5-8db7-d82f5606f8bf,ACTIVE,2023-09-22T08:13:57Z,2023-09-19T20:01:49Z,71,31000,51.316747,12.385236,20,LEIPZIG,376149,ninebot_g3,028WOS,True,escooter,False,False
vehicle,1be50287-acb4-441a-8af2-5006341ce753,ACTIVE,2023-09-22T08:36:23Z,2023-09-20T07:44:35Z,84,39000,51.301378,12.428113,20,LEIPZIG,376151,ninebot_g3,099WOS,True,escooter,False,False
vehicle,c151efc9-ea83-486f-9da7-33ab5f94e42d,ACTIVE,2023-09-22T07:10:25Z,2023-09-20T15:20:17Z,76,34000,51.343119,12.365158,20,LEIPZIG,376523,ninebot_g3,867WNT,True,escooter,False,False
vehicle,f34955ff-7aed-4af3-b767-777e38a464d3,ACTIVE,2023-09-22T06:42:02Z,2023-09-18T23:41:52Z,86,40000,51.367277,12.345515,20,LEIPZIG,377180,ninebot_g3,074WOS,True,escooter,False,False
vehicle,a9410d9c-a20b-484e-a1d6-b3986194fab7,ACTIVE,2023-09-22T08:36:24Z,2023-09-13T19:49:28Z,54,22000,51.3303,12.315361,20,LEIPZIG,377456,ninebot_g3,991WOS,True,escooter,False,False
vehicle,1d9f617a-f7bf-44cc-a2f3-56fd6e380ab2,ACTIVE,2023-09-22T06:12:32Z,2023-09-18T20:48:22Z,56,23000,51.349877,12.463297,20,LEIPZIG,377481,ninebot_g3,867WOS,True,escooter,False,False
vehicle,ec8a9e1d-44ad-4210-8fa6-948d87fc3e0b,ACTIVE,2023-09-22T08:41:28Z,2023-09-22T00:22:07Z,89,41000,51.344688,12.370561,20,LEIPZIG,377499,ninebot_g3,791WOS,True,escooter,False,False
vehicle,e876fec6-47fe-4b9c-b4ba-4e46c049e26b,ACTIVE,2023-09-22T08:31:07Z,2023-09-13T17:38:37Z,66,29000,51.302816,12.426312,20,LEIPZIG,377500,ninebot_g3,284WNT,True,escooter,False,False
vehicle,c9bc262c-2e7c-4aa5-ba2f-1b81c45953cd,ACTIVE,2023-09-21T11:16:57Z,2023-09-16T23:10:02Z,53,21000,51.367184,12.345511,20,LEIPZIG,377504,ninebot_g3,795WOS,True,escooter,False,False
vehicle,fdace96f-01ce-4cd0-b474-08c1e267f6d3,ACTIVE,2023-09-22T07:24:53Z,2023-09-20T20:18:00Z,87,40000,51.343811,12.42873,20,LEIPZIG,377506,ninebot_g3,225WOS,True,escooter,False,False
vehicle,690614e8-7457-43a1-8aa5-5d0a90e84eb5,ACTIVE,2023-09-22T02:30:56Z,2023-09-21T23:08:33Z,92,43000,51.367226,12.345515,20,LEIPZIG,377507,ninebot_g3,301WNT,True,escooter,False,False
vehicle,8fcbbabf-9261-4340-b8c5-bd7a054fa3f6,ACTIVE,2023-09-22T08:29:34Z,2023-09-19T22:04:20Z,88,41000,51.349847,12.463284,20,LEIPZIG,377525,ninebot_g3,196WNT,True,escooter,False,False
vehicle,af654ee3-1181-4a9e-bb78-bd3377565c70,ACTIVE,2023-09-22T07:37:53Z,2023-09-19T23:12:02Z,84,39000,51.312586,12.269512,20,LEIPZIG,377536,ninebot_g3,782WOS,True,escooter,False,False
vehicle,c1763676-f241-4f72-a693-04d2ea6a3812,ACTIVE,2023-09-22T08:25:38Z,2023-09-16T17:25:05Z,36,12000,51.332425,12.339481,20,LEIPZIG,377539,ninebot_g3,870WOS,True,escooter,False,False
vehicle,644f0d5a-42ea-4431-b5f7-233e437b687d,ACTIVE,2023-09-22T08:12:29Z,2023-09-17T14:47:10Z,51,20000,51.323051,12.287337,20,LEIPZIG,377557,ninebot_g3,268WNT,True,escooter,False,False
vehicle,0c10e477-7f03-4265-bd64-c5ab409b4bb7,ACTIVE,2023-09-20T18:01:39Z,2023-09-17T21:12:54Z,52,21000,51.361212,12.381265,20,LEIPZIG,377561,ninebot_g3,857WOS,True,escooter,False,False
vehicle,929a8ec2-45e0-4fb5-86e5-e9af418eac55,ACTIVE,2023-09-22T03:32:19Z,2023-09-21T22:30:12Z,90,42000,51.357469,12.377,20,LEIPZIG,377571,ninebot_g3,464WPP,True,escooter,False,False
vehicle,fdd7a71c-b7f2-4477-817d-d5cd0d995b2f,ACTIVE,2023-09-22T08:20:55Z,2023-09-21T19:13:22Z,90,42000,51.31869,12.407502,20,LEIPZIG,377589,ninebot_g3,909WOS,True,escooter,False,False
vehicle,de9b360e-5057-4a14-b521-141c783bb300,ACTIVE,2023-09-21T20:39:03Z,2023-09-21T03:58:06Z,86,40000,51.302736,12.426384,20,LEIPZIG,377616,ninebot_g3,875WOS,True,escooter,False,False
vehicle,c04434b7-d6a4-418c-af93-739383b6459d,ACTIVE,2023-09-22T06:33:31Z,2023-09-21T09:28:39Z,67,29000,51.31958,12.342209,20,LEIPZIG,377623,ninebot_g3,151WOD,True,escooter,False,False
vehicle,316af9b4-459f-44aa-abbd-1daae130e238,ACTIVE,2023-09-22T01:30:52Z,2023-09-17T22:35:03Z,62,26000,51.362913,12.373939,20,LEIPZIG,377650,ninebot_g3,778WOS,True,escooter,False,False
vehicle,1023cbc0-4d9e-4881-8345-7b78d7b08cf0,ACTIVE,2023-09-21T18:16:54Z,2023-09-21T00:21:24Z,75,34000,51.354012,12.287996,20,LEIPZIG,377656,ninebot_g3,624WOX,True,escooter,False,False
vehicle,f5bb55a4-af82-4688-9095-6bfbd0db3c70,ACTIVE,2023-09-22T08:08:16Z,2023-09-20T20:11:01Z,89,41000,51.332278,12.3955,20,LEIPZIG,377728,ninebot_g3,209WNT,True,escooter,False,False
vehicle,0e4e8ac7-3918-48cf-a333-e6e41ef1390d,ACTIVE,2023-09-22T07:47:16Z,2023-09-19T00:22:10Z,53,21000,51.361234,12.381247,20,LEIPZIG,377730,ninebot_g3,715WOX,True,escooter,False,False
vehicle,46dad7d2-9c93-45ba-93d1-620b1151e59d,ACTIVE,2023-09-22T04:49:52Z,2023-09-20T14:29:20Z,48,19000,51.351694,12.372953,20,LEIPZIG,377737,ninebot_g3,749WOX,True,escooter,False,False
vehicle,f002807a-24e8-42d2-bb33-2e3dd742a391,ACTIVE,2023-09-22T02:13:39Z,2023-09-21T23:24:37Z,93,43000,51.3611,12.370179,20,LEIPZIG,377766,ninebot_g3,978WOS,True,escooter,False,False
vehicle,984cb3d9-1c65-4433-b546-e89a43550c64,ACTIVE,2023-09-22T06:30:33Z,2023-09-21T00:13:14Z,90,42000,51.361181,12.381246,20,LEIPZIG,377785,ninebot_g3,887WOS,True,escooter,False,False
vehicle,bff2dd34-e61f-4530-a7f6-e554765a5c4b,ACTIVE,2023-09-21T11:51:27Z,2023-09-17T23:15:40Z,63,27000,51.343922,12.428609,20,LEIPZIG,377820,ninebot_g3,925WOS,True,escooter,False,False
vehicle,3df2cf62-c85c-492d-baff-2d0e9a9ba78c,ACTIVE,2023-09-22T03:47:15Z,2023-09-15T09:46:09Z,52,21000,51.30643,12.396075,20,LEIPZIG,377980,ninebot_g3,972WOX,True,escooter,False,False
vehicle,2be3fa1d-b14c-4865-8377-97395d862dae,ACTIVE,2023-09-21T20:39:08Z,2023-09-10T09:19:55Z,43,16000,51.380765,12.383208,20,LEIPZIG,377991,ninebot_g3,446WPP,True,escooter,False,False
vehicle,5e8ab38b-bc4b-47a0-a135-273971d068fa,ACTIVE,2023-09-22T07:06:55Z,2023-09-19T20:46:56Z,68,30000,51.361427,12.381238,20,LEIPZIG,378062,ninebot_g3,171WOD,True,escooter,False,False
vehicle,6bd5baa4-f643-4756-bc3b-ed3e0d0ed28c,ACTIVE,2023-09-22T08:11:58Z,2023-09-21T00:50:12Z,59,25000,51.350962,12.346842,20,LEIPZIG,378091,ninebot_g3,937WOS,True,escooter,False,False
vehicle,c92d855f-b35b-4a9f-bacd-de46ed5b3878,ACTIVE,2023-09-22T07:46:35Z,2023-09-19T18:55:42Z,71,31000,51.33233,12.395431,20,LEIPZIG,378131,ninebot_g3,938WOS,True,escooter,False,False
vehicle,62b28469-08de-4412-94ef-f213e1d4939e,ACTIVE,2023-09-22T07:47:21Z,2023-09-22T00:13:13Z,88,41000,51.351757,12.37284,20,LEIPZIG,378139,ninebot_g3,038WOD,True,escooter,False,False
vehicle,72488d71-e99f-4c54-8517-237469766cf1,ACTIVE,2023-09-21T10:03:15Z,2023-09-20T08:32:26Z,66,29000,51.361256,12.381283,20,LEIPZIG,378140,ninebot_g3,983WOS,True,escooter,False,False
vehicle,68a3c86c-8203-465b-9b9c-cf7019594357,ACTIVE,2023-09-22T04:36:15Z,2023-09-17T18:21:49Z,82,37000,51.361236,12.381257,20,LEIPZIG,378154,ninebot_g3,197WOD,True,escooter,False,False
vehicle,3b45b543-d37c-450f-8365-eed2d3ef8212,ACTIVE,2023-09-22T07:44:24Z,2023-09-21T19:35:29Z,93,43000,51.320502,12.404643,20,LEIPZIG,378187,ninebot_g3,740WOS,True,escooter,False,False
vehicle,0885c0ff-4bc8-40e9-ba52-b83dda41edbf,ACTIVE,2023-09-21T22:39:51Z,2023-09-20T12:08:39Z,65,28000,51.349857,12.463232,20,LEIPZIG,378230,ninebot_g3,006WOD,True,escooter,False,False
vehicle,65488ec0-b568-47c9-bf45-9d7c19322cff,ACTIVE,2023-09-22T02:13:38Z,2023-09-21T22:02:31Z,91,42000,51.363911,12.402475,20,LEIPZIG,378479,ninebot_g3,954WOS,True,escooter,False,False
vehicle,67c5f90c-e578-4b78-9cd0-3e71872cd85f,ACTIVE,2023-09-22T07:28:10Z,2023-09-17T19:42:16Z,31,9000,51.330329,12.315359,20,LEIPZIG,378488,ninebot_g3,736WNT,True,escooter,False,False
vehicle,2a4131d0-75db-42ae-9b7d-6b7300f86f88,ACTIVE,2023-09-22T06:04:23Z,2023-09-18T20:19:41Z,31,9000,51.332314,12.339092,20,LEIPZIG,378527,ninebot_g3,094WOD,True,escooter,False,False
vehicle,cc441c85-734c-46d2-83d9-7285bbce9d70,ACTIVE,2023-09-22T05:06:06Z,2023-09-19T19:52:08Z,88,41000,51.301205,12.38451,20,LEIPZIG,378600,ninebot_g3,965WNT,True,escooter,False,False
vehicle,ff5afc9a-f66f-4e4a-8fc7-2e88367adc19,ACTIVE,2023-09-21T19:25:03Z,2023-09-21T13:34:52Z,86,40000,51.302853,12.426467,20,LEIPZIG,378919,ninebot_g3,174WOD,True,escooter,False,False
vehicle,e7fcc546-2e25-4ced-9d20-837fccaa0d99,ACTIVE,2023-09-22T07:54:28Z,2023-09-13T20:04:44Z,63,27000,51.323071,12.28745,20,LEIPZIG,378920,ninebot_g3,988WOS,True,escooter,False,False
vehicle,d300ac32-333e-405f-9c2b-372a6fd88df7,ACTIVE,2023-09-21T04:48:05Z,2023-09-19T20:47:54Z,87,40000,51.332274,12.39542,20,LEIPZIG,378925,ninebot_g3,957WOS,True,escooter,False,False
vehicle,19f6e496-4b34-4ffc-a5dc-6daef8e4ab95,ACTIVE,2023-09-21T14:00:17Z,2023-09-20T21:30:47Z,78,35000,51.371852,12.364398,20,LEIPZIG,378934,ninebot_g3,192WOD,True,escooter,False,False
vehicle,7f886968-fada-4668-83c2-033f59162f72,ACTIVE,2023-09-22T02:56:02Z,2023-09-18T21:44:39Z,70,31000,51.338641,12.403846,20,LEIPZIG,378977,ninebot_g3,932WOS,True,escooter,False,False
vehicle,7005af43-6244-4840-a2d1-247f57b94a94,ACTIVE,2023-09-22T06:31:47Z,2023-09-21T00:51:02Z,88,41000,51.371844,12.364462,20,LEIPZIG,379009,ninebot_g3,825WNT,True,escooter,False,False
vehicle,6e9a8641-bbe2-46ed-85e0-c36a94baf70d,ACTIVE,2023-09-22T08:40:49Z,2023-09-22T01:11:06Z,88,41000,51.344712,12.370572,20,LEIPZIG,379025,ninebot_g3,922WNT,True,escooter,False,False
vehicle,d8e5ecb5-1ba2-48a7-adaf-d05747b51447,ACTIVE,2023-09-22T05:34:57Z,2023-09-18T19:36:59Z,52,21000,51.343859,12.428592,20,LEIPZIG,379034,ninebot_g3,150WOD,True,escooter,False,False
vehicle,d0f42b46-e09d-442e-82e7-d6f304746706,ACTIVE,2023-09-22T07:43:14Z,2023-09-20T21:19:01Z,89,41000,51.348056,12.390932,20,LEIPZIG,379046,ninebot_g3,634WNT,True,escooter,False,False
vehicle,83ad97f0-ac08-4a81-82e4-260316b1a2c1,ACTIVE,2023-09-22T08:21:41Z,2023-09-19T22:34:20Z,34,11000,51.324294,12.337526,20,LEIPZIG,379051,ninebot_g3,131WOD,True,escooter,False,False
vehicle,70d17fc7-e03f-4ec6-ac7b-744fd6c227ff,ACTIVE,2023-09-21T12:24:06Z,2023-09-19T22:52:54Z,88,41000,51.323052,12.287416,20,LEIPZIG,379259,ninebot_g3,935WNT,True,escooter,False,False
vehicle,dfb58482-5871-4a6a-b728-b4acf87aa632,ACTIVE,2023-09-22T07:04:37Z,2023-09-20T19:59:29Z,77,35000,51.36719,12.345609,20,LEIPZIG,379404,ninebot_g3,049WOD,True,escooter,False,False
vehicle,147f2d67-673d-4510-b8c6-b75e2103a921,ACTIVE,2023-09-22T03:16:21Z,2023-09-20T20:58:06Z,89,41000,51.35672,12.415833,20,LEIPZIG,379411,ninebot_g3,860WOS,True,escooter,False,False
vehicle,fe3c04db-4439-406d-9b63-8a7abf572a88,ACTIVE,2023-09-21T10:38:54Z,2023-09-19T23:00:15Z,71,31000,51.324602,12.289935,20,LEIPZIG,379489,ninebot_g3,924WNT,True,escooter,False,False
vehicle,d1e6d9e5-1728-47af-b7e1-11d6b79a47c5,ACTIVE,2023-09-22T04:59:41Z,2023-09-17T21:18:00Z,66,29000,51.31937,12.418599,20,LEIPZIG,379645,ninebot_g3,538WOS,True,escooter,False,False
vehicle,8e60a62e-ee20-42f9-b6ce-914f79356c14,ACTIVE,2023-09-22T02:05:03Z,2023-09-20T08:34:53Z,64,28000,51.361215,12.38126,20,LEIPZIG,379951,ninebot_g3,943WNT,True,escooter,False,False
vehicle,7cc8cadc-567f-4088-8421-cc4fe4a9e846,ACTIVE,2023-09-22T04:29:16Z,2023-09-16T22:12:15Z,60,25000,51.367166,12.345461,20,LEIPZIG,379990,ninebot_g3,996WOS,True,escooter,False,False
vehicle,398df2a7-bf0d-4b03-a519-9f4fdc8fcf9c,ACTIVE,2023-09-22T06:28:08Z,2023-09-19T23:23:06Z,53,21000,51.332315,12.339082,20,LEIPZIG,379996,ninebot_g3,742WOS,True,escooter,False,False
vehicle,c893f45d-f55b-4bb2-93d1-5f6087b2f35e,ACTIVE,2023-09-22T07:49:35Z,2023-09-22T00:22:10Z,89,41000,51.344865,12.379385,20,LEIPZIG,379998,ninebot_g3,067WOD,True,escooter,False,False
vehicle,4adb1d47-25c6-4ec1-ba4f-ce550efbcef0,ACTIVE,2023-09-22T01:50:55Z,2023-09-15T13:36:07Z,70,31000,51.302772,12.426357,20,LEIPZIG,380068,ninebot_g3,960WOS,True,escooter,False,False
vehicle,375a3866-d331-4474-b442-4c2f21c8ffea,ACTIVE,2023-09-22T08:23:44Z,2023-09-21T21:30:44Z,85,39000,51.30272,12.426246,20,LEIPZIG,380078,ninebot_g3,173WOD,True,escooter,False,False
vehicle,83c7f1a1-d569-44c0-a404-af1ea76e593c,ACTIVE,2023-09-21T12:07:21Z,2023-09-19T20:30:32Z,87,40000,51.318057,12.383106,20,LEIPZIG,380081,ninebot_g3,029WOD,True,escooter,False,False
vehicle,05f46544-684c-4572-83d6-60dc96898825,ACTIVE,2023-09-22T08:10:30Z,2023-09-18T21:59:16Z,50,20000,51.342138,12.35321,20,LEIPZIG,380088,ninebot_g3,147WOD,True,escooter,False,False
vehicle,368d4d96-3977-4342-873e-1566955b46e2,ACTIVE,2023-09-21T20:24:12Z,2023-09-14T17:19:55Z,53,21000,51.397528,12.398175,20,LEIPZIG,380483,ninebot_g3,271WOS,True,escooter,False,False
vehicle,27aaa950-5514-4726-b8dc-89e3b82ee293,ACTIVE,2023-09-22T08:14:19Z,2023-09-21T00:46:12Z,78,35000,51.349245,12.372143,20,LEIPZIG,380494,ninebot_g3,477WNT,True,escooter,False,False
vehicle,5e59e181-4295-4c65-b3f4-af476947c008,ACTIVE,2023-09-22T08:27:40Z,2023-09-21T20:03:08Z,92,43000,51.305222,12.38162,20,LEIPZIG,380520,ninebot_g3,718WOX,True,escooter,False,False
vehicle,1c3a5449-c9f1-408e-87bf-05fa4c7931b3,ACTIVE,2023-09-22T07:45:39Z,2023-09-22T00:07:47Z,66,29000,51.348859,12.355159,20,LEIPZIG,380658,ninebot_g3,400WPP,True,escooter,False,False
vehicle,1bc9fa0a-6b76-45c7-ac04-5412fb278773,ACTIVE,2023-09-22T06:36:00Z,2023-09-21T19:22:44Z,92,43000,51.302859,12.426645,20,LEIPZIG,380714,ninebot_g3,147WNT,True,escooter,False,False
vehicle,9fb15e5a-89bc-4c68-a5c8-85b52a6f4b4c,ACTIVE,2023-09-22T06:46:49Z,2023-09-14T20:44:48Z,67,29000,51.301358,12.378613,20,LEIPZIG,380721,ninebot_g3,698WOX,True,escooter,False,False
vehicle,25a4ef47-6857-4a1a-a93c-f55c488db730,ACTIVE,2023-09-22T08:28:28Z,2023-09-19T20:46:09Z,86,40000,51.318043,12.383188,20,LEIPZIG,380772,ninebot_g3,568WNT,True,escooter,False,False
vehicle,a1b4a565-23f2-4333-8fdb-5ae2657e5ec4,ACTIVE,2023-09-21T16:16:01Z,2023-09-19T21:38:09Z,88,41000,51.343928,12.428663,20,LEIPZIG,380916,ninebot_g3,062WNT,True,escooter,False,False
vehicle,84054040-a749-49c8-bbf9-047851fd27de,ACTIVE,2023-09-22T06:04:00Z,2023-09-19T22:34:21Z,69,30000,51.353868,12.411187,20,LEIPZIG,380919,ninebot_g3,017WOZ,True,escooter,False,False
vehicle,0310639a-0f81-4b07-b75f-16304baa41b5,ACTIVE,2023-09-22T01:29:59Z,2023-09-22T01:30:02Z,86,40000,51.361097,12.370119,20,LEIPZIG,380928,ninebot_g3,880WOS,True,escooter,False,False
vehicle,c1659471-835e-4910-b812-a0c4130367d9,ACTIVE,2023-09-21T18:49:59Z,2023-09-13T20:08:33Z,27,7000,51.320516,12.326695,20,LEIPZIG,380932,ninebot_g3,745WOX,True,escooter,False,False
vehicle,6378a273-8b80-4c1a-81f1-e60cad6bdde7,ACTIVE,2023-09-21T23:33:16Z,2023-09-21T00:46:11Z,72,32000,51.337694,12.381711,20,LEIPZIG,380937,ninebot_g3,272WNT,True,escooter,False,False
vehicle,ea80458e-8686-4d02-9473-260093594016,ACTIVE,2023-09-22T07:15:20Z,2023-09-20T21:28:13Z,88,41000,51.361239,12.381259,20,LEIPZIG,381032,ninebot_g3,781WOS,True,escooter,False,False
vehicle,e36aa497-a55a-42c9-9329-0aa2f2347946,ACTIVE,2023-09-22T07:33:08Z,2023-09-21T19:10:29Z,91,42000,51.319413,12.418505,20,LEIPZIG,381108,ninebot_g3,859WOS,True,escooter,False,False
vehicle,7a333a60-918f-44bd-ad2a-e575cb34db8e,ACTIVE,2023-09-22T07:14:48Z,2023-09-19T20:45:27Z,75,34000,51.319614,12.342131,20,LEIPZIG,381367,ninebot_g3,096WNT,True,escooter,False,False
vehicle,6461be88-b966-4ba8-9b85-a576a8d09e13,ACTIVE,2023-09-21T20:51:49Z,2023-09-21T19:41:53Z,91,42000,51.306466,12.396091,20,LEIPZIG,381537,ninebot_g3,776WOS,True,escooter,False,False
vehicle,9fd216fe-47b2-4cbf-87f3-d218bf1f10f8,ACTIVE,2023-09-22T07:45:01Z,2023-09-21T23:09:49Z,93,43000,51.367226,12.345465,20,LEIPZIG,381547,ninebot_g3,920WOX,True,escooter,False,False
vehicle,8165cbf4-5f1a-477d-bff4-13a0ed07ca1a,ACTIVE,2023-09-22T01:34:42Z,2023-09-21T23:23:21Z,92,43000,51.361042,12.370172,20,LEIPZIG,381562,ninebot_g3,589WNT,True,escooter,False,False
vehicle,b47a5a18-9e4a-47da-9fe1-1779d7a8eae5,ACTIVE,2023-09-22T08:26:13Z,2023-09-22T00:04:21Z,91,42000,51.348957,12.355107,20,LEIPZIG,381631,ninebot_g3,132WNT,True,escooter,False,False
vehicle,8ec1e655-34d6-4cc7-a272-91f93f7011ff,ACTIVE,2023-09-22T07:52:20Z,2023-09-19T22:59:10Z,69,30000,51.322082,12.304151,20,LEIPZIG,381659,ninebot_g3,525WNT,True,escooter,False,False
vehicle,e44ba0e4-ec8a-4816-a0ed-cfcfb2ad0688,ACTIVE,2023-09-21T14:22:03Z,2023-09-17T19:38:31Z,63,27000,51.371863,12.364463,20,LEIPZIG,381878,ninebot_g3,790WOS,True,escooter,False,False
vehicle,3d73a798-c5ee-4346-aa28-d058df9388f3,ACTIVE,2023-09-22T06:41:03Z,2023-09-16T00:06:56Z,57,24000,51.322956,12.28741,20,LEIPZIG,381948,ninebot_g3,261WNT,True,escooter,False,False
vehicle,f281ac1f-3e50-4b8e-b271-c11f3806b5da,ACTIVE,2023-09-22T07:57:14Z,2023-09-21T19:23:36Z,91,42000,51.302736,12.426373,20,LEIPZIG,382005,ninebot_g3,864WOS,True,escooter,False,False
vehicle,77172b1a-d490-4328-9047-f1e346c2a1b0,ACTIVE,2023-09-22T08:25:54Z,2023-09-18T22:46:06Z,75,34000,51.357432,12.376971,20,LEIPZIG,382030,ninebot_g3,091WNT,True,escooter,False,False
vehicle,2ebcb94a-923f-4d6a-becd-76e41a0c9316,ACTIVE,2023-09-22T06:45:02Z,2023-09-20T19:22:02Z,89,41000,51.316647,12.378086,20,LEIPZIG,382122,ninebot_g3,855WOS,True,escooter,False,False
vehicle,5ac0a14d-f2ff-44ac-9f89-8ffa03ced8d4,ACTIVE,2023-09-22T07:51:41Z,2023-09-21T00:51:38Z,86,40000,51.316628,12.378129,20,LEIPZIG,382125,ninebot_g3,021WNT,True,escooter,False,False
vehicle,e2888550-21a3-4c52-8b1d-fcf42bd76d7e,ACTIVE,2023-09-22T03:39:01Z,2023-09-21T22:20:18Z,86,40000,51.301138,12.395675,20,LEIPZIG,382133,ninebot_g3,711WOX,True,escooter,False,False
vehicle,0216fa45-863e-4bd6-978f-20266868e733,ACTIVE,2023-09-22T07:52:30Z,2023-09-20T19:35:22Z,89,41000,51.314512,12.372931,20,LEIPZIG,382171,ninebot_g3,231WNT,True,escooter,False,False
vehicle,15e52414-5c0e-4267-bae1-1f0d081af763,ACTIVE,2023-09-22T06:09:21Z,2023-09-13T20:01:03Z,66,29000,51.32311,12.287391,20,LEIPZIG,382206,ninebot_g3,328WNT,True,escooter,False,False
vehicle,8ec2aa00-07a2-49db-a4ba-5bb58b151a25,ACTIVE,2023-09-22T07:01:49Z,2023-09-19T23:22:18Z,88,41000,51.325055,12.307876,20,LEIPZIG,382209,ninebot_g3,793WOS,True,escooter,False,False
vehicle,df082057-e2c5-4162-834a-e76c90492827,ACTIVE,2023-09-22T07:51:20Z,2023-09-20T21:19:00Z,89,41000,51.348097,12.390873,20,LEIPZIG,382259,ninebot_g3,770WOS,True,escooter,False,False
vehicle,dc87317f-8cc2-46ea-be20-7ad21cb09339,ACTIVE,2023-09-22T07:54:18Z,2023-09-22T00:22:08Z,88,41000,51.351739,12.372942,20,LEIPZIG,382310,ninebot_g3,621WNT,True,escooter,False,False
vehicle,cc81accc-a7ae-4a89-bd79-5e23123ac964,ACTIVE,2023-09-22T05:59:57Z,2023-09-19T21:37:40Z,88,41000,51.343918,12.428555,20,LEIPZIG,382344,ninebot_g3,245WNT,True,escooter,False,False
vehicle,9419da56-985c-4cfc-8a47-d78818179970,ACTIVE,2023-09-22T00:47:39Z,2023-09-21T22:08:41Z,92,43000,51.363942,12.402314,20,LEIPZIG,382548,ninebot_g3,886WOS,True,escooter,False,False
vehicle,48a84c8b-93c2-4c9c-a89e-f20034f66995,ACTIVE,2023-09-22T08:25:08Z,2023-09-20T21:30:47Z,70,31000,51.324318,12.33754,20,LEIPZIG,382615,ninebot_g3,850WOS,True,escooter,False,False
vehicle,6e7598a1-2b48-4a41-9a67-8d429fe21472,ACTIVE,2023-09-22T08:03:27Z,2023-09-21T21:34:30Z,91,42000,51.349887,12.463283,20,LEIPZIG,383028,ninebot_g3,877WOS,True,escooter,False,False
vehicle,5baa5efc-2c27-4a07-94f7-bd97c9891222,ACTIVE,2023-09-22T05:36:02Z,2023-09-21T21:53:31Z,91,42000,51.35386,12.411197,20,LEIPZIG,383048,ninebot_g3,933WOX,True,escooter,False,False
vehicle,7d002ac6-5fc5-4deb-923b-22455a387a90,ACTIVE,2023-09-22T08:26:37Z,2023-09-18T20:55:52Z,68,30000,51.349818,12.463239,20,LEIPZIG,383070,ninebot_g3,602WOX,True,escooter,False,False
vehicle,60603b9a-8ba0-461b-9b5a-bb88ab3ece19,ACTIVE,2023-09-21T00:43:37Z,2023-09-18T20:53:30Z,86,40000,51.349842,12.463258,20,LEIPZIG,383138,ninebot_g3,923WOS,True,escooter,False,False
vehicle,4fd395ea-e284-4348-a951-93433190fbee,ACTIVE,2023-09-22T07:56:33Z,2023-09-20T21:26:22Z,87,40000,51.361333,12.381225,20,LEIPZIG,383874,ninebot_g3,054WOD,True,escooter,False,False
vehicle,13c52a6f-ac13-4f15-a8b7-5562f6f9d192,ACTIVE,2023-09-22T07:16:48Z,2023-09-21T22:40:26Z,94,44000,51.361187,12.381161,20,LEIPZIG,384988,ninebot_g3,170WOD,True,escooter,False,False
vehicle,5e563de3-0818-4fd8-8fa6-6af990c5112c,ACTIVE,2023-09-21T21:54:05Z,2023-09-19T10:59:12Z,84,39000,51.336089,12.370829,20,LEIPZIG,385236,ninebot_g3,190WOD,True,escooter,False,False
vehicle,edacd998-1fa2-4ae6-904a-d950f48da33a,ACTIVE,2023-09-22T05:08:09Z,2023-09-20T19:20:48Z,89,41000,51.316645,12.37812,20,LEIPZIG,385248,ninebot_g3,107WOD,True,escooter,False,False
vehicle,856d88da-5e1d-481b-a105-c9dbca5cf6bb,ACTIVE,2023-09-22T03:39:07Z,2023-09-21T01:03:40Z,87,40000,51.361062,12.370145,20,LEIPZIG,385276,ninebot_g3,139WOD,True,escooter,False,False
vehicle,aca24e74-5358-4f00-bbee-412a173e7a2b,ACTIVE,2023-09-22T07:31:13Z,2023-09-19T20:26:53Z,88,41000,51.316679,12.378097,20,LEIPZIG,385486,ninebot_g3,168WOD,True,escooter,False,False
vehicle,8768ec44-b9aa-4dad-854a-85e6c08dbf3b,ACTIVE,2023-09-22T02:30:54Z,2023-09-19T22:34:22Z,61,26000,51.34809,12.39088,20,LEIPZIG,385503,ninebot_g3,654WOS,True,escooter,False,False
vehicle,c937f9cd-e439-41d3-88d6-b2ec0d222a83,ACTIVE,2023-09-22T08:29:16Z,2023-09-21T00:46:12Z,56,23000,51.345121,12.371346,20,LEIPZIG,385709,ninebot_g3,075WOD,True,escooter,False,False
vehicle,403cf32e-72a3-4557-8d96-282372a14653,ACTIVE,2023-09-22T04:05:20Z,2023-09-21T00:58:48Z,78,35000,51.350946,12.346876,20,LEIPZIG,385930,ninebot_g3,018WOZ,True,escooter,False,False
vehicle,bbafb2dc-9dc1-4b1c-a6be-c4140837a982,ACTIVE,2023-09-22T05:44:47Z,2023-09-21T22:42:02Z,92,43000,51.361212,12.381121,20,LEIPZIG,385950,ninebot_g3,983WNT,True,escooter,False,False
vehicle,1156d8e2-67a8-4b4d-976f-e6378b30190f,ACTIVE,2023-09-22T08:30:31Z,2023-09-22T08:30:35Z,88,41000,51.30121,12.384487,20,LEIPZIG,386073,ninebot_g3,747WOS,True,escooter,False,False
vehicle,3a069128-0f0b-41e0-ab8d-0cf3e8da675b,ACTIVE,2023-09-21T07:18:15Z,2023-09-18T19:58:02Z,86,40000,51.332307,12.395407,20,LEIPZIG,386088,ninebot_g3,871WOS,True,escooter,False,False
vehicle,9b2a22d9-f89d-47fc-b75e-469561236ac3,ACTIVE,2023-09-22T08:02:55Z,2023-09-20T21:02:00Z,89,41000,51.359278,12.414703,20,LEIPZIG,387604,ninebot_g3,194WOD,True,escooter,False,False
vehicle,5b78047f-735c-45d9-a755-0bf76f493855,ACTIVE,2023-09-22T08:36:24Z,2023-09-22T05:09:24Z,54,22000,51.361676,12.27216,20,LEIPZIG,388209,ninebot_g3,140WOD,True,escooter,False,False
vehicle,05bc1f73-4506-406a-bc3d-8e0d8385e505,ACTIVE,2023-09-22T08:41:08Z,2023-09-14T17:19:18Z,57,24000,51.367184,12.345667,20,LEIPZIG,388536,ninebot_g3,161WOD,True,escooter,False,False
vehicle,d8f6e65c-5817-47ef-a014-1e12e5200ff2,ACTIVE,2023-09-22T08:36:03Z,2023-09-19T23:30:17Z,51,20000,51.337739,12.381723,20,LEIPZIG,389396,ninebot_g3,947WOS,True,escooter,False,False
vehicle,37fc05be-a48b-4df2-8c6f-dbc5daa29e46,ACTIVE,2023-09-21T03:10:48Z,2023-09-21T00:36:18Z,90,42000,51.367395,12.36755,20,LEIPZIG,389598,ninebot_g3,358WNT,True,escooter,False,False
vehicle,ee903030-ddcd-453a-97ab-dd6c665ba4b4,ACTIVE,2023-09-22T05:54:01Z,2023-09-21T00:35:41Z,88,41000,51.366553,12.350178,20,LEIPZIG,390107,ninebot_g3,246WOS,True,escooter,False,False
vehicle,1e4373be-e982-455b-b8ad-1c34e4634000,ACTIVE,2023-09-22T07:47:58Z,2023-09-11T08:53:49Z,50,20000,51.323164,12.286951,20,LEIPZIG,390157,ninebot_g3,037WOS,True,escooter,False,False
vehicle,fff4df19-eb7b-4de0-ba03-2f03eaa153df,ACTIVE,2023-09-22T05:25:36Z,2023-09-19T19:50:46Z,86,40000,51.31503,12.409705,20,LEIPZIG,390290,ninebot_g3,074WOD,True,escooter,False,False
vehicle,db019256-186c-4747-9190-42ffbb0f367a,ACTIVE,2023-09-22T00:51:30Z,2023-09-21T22:58:18Z,95,45000,51.367375,12.367528,20,LEIPZIG,390374,ninebot_g3,607WNT,True,escooter,False,False
vehicle,a41c5bf6-41d8-4091-9edc-b66a20ecc7bf,ACTIVE,2023-09-22T04:18:52Z,2023-09-19T23:59:32Z,55,23000,51.324279,12.337536,20,LEIPZIG,391615,ninebot_g3,146WOD,True,escooter,False,False
vehicle,dd0477ea-df95-44cc-89f3-1ca85906216b,ACTIVE,2023-09-22T04:07:26Z,2023-09-18T20:58:51Z,86,40000,51.349941,12.463315,20,LEIPZIG,391621,ninebot_g3,119WOD,True,escooter,False,False
vehicle,27120668-63ea-4e77-a597-939d62f61f86,ACTIVE,2023-09-22T00:57:26Z,2023-09-18T21:44:39Z,65,28000,51.330318,12.315337,20,LEIPZIG,391622,ninebot_g3,022WOD,True,escooter,False,False
vehicle,6e0a059a-7774-4210-a2fd-dfbd80605b21,ACTIVE,2023-09-22T07:45:35Z,2023-09-21T23:10:55Z,92,43000,51.367184,12.345544,20,LEIPZIG,391632,ninebot_g3,965WOS,True,escooter,False,False
vehicle,d9a4a8c1-edaf-481f-9291-1da26325cc95,ACTIVE,2023-09-22T07:13:36Z,2023-09-20T18:45:13Z,68,30000,51.319628,12.342071,20,LEIPZIG,391641,ninebot_g3,025WOD,True,escooter,False,False
vehicle,bb195eab-6560-41f9-a7fc-77ccf5f2e168,ACTIVE,2023-09-22T06:44:46Z,2023-09-16T01:55:29Z,37,13000,51.341157,12.324048,20,LEIPZIG,391651,ninebot_g3,934WOS,True,escooter,False,False
vehicle,e865d95a-0f62-447c-902b-a8c41cf1bae7,ACTIVE,2023-09-21T20:42:40Z,2023-09-13T20:08:06Z,54,22000,51.323058,12.287392,20,LEIPZIG,391652,ninebot_g3,087WOD,True,escooter,False,False
vehicle,b57785d7-9a8b-4794-aef7-88e56b8999c4,ACTIVE,2023-09-21T14:31:36Z,2023-09-18T23:09:23Z,79,36000,51.367307,12.345697,20,LEIPZIG,391653,ninebot_g3,084WOD,True,escooter,False,False
vehicle,6eb94989-323b-492f-95c3-79657c8eb247,ACTIVE,2023-09-21T03:55:43Z,2023-09-20T18:56:04Z,89,41000,51.302782,12.426316,20,LEIPZIG,391662,ninebot_g3,958WOS,True,escooter,False,False
vehicle,217bdeae-b2d6-4ec5-894a-2df544fea03e,ACTIVE,2023-09-22T07:44:17Z,2023-09-19T23:59:31Z,50,20000,51.343107,12.365199,20,LEIPZIG,391672,ninebot_g3,449WPP,True,escooter,False,False
vehicle,013fee1d-48f0-417f-9702-bead88f5a553,ACTIVE,2023-09-22T08:42:49Z,2023-09-21T19:26:47Z,91,42000,51.302835,12.426284,20,LEIPZIG,391729,ninebot_g3,986WOS,True,escooter,False,False
vehicle,6317c2bd-a073-4495-a29c-6c48dce9190c,ACTIVE,2023-09-22T01:35:32Z,2023-09-19T20:24:10Z,87,40000,51.316638,12.378122,20,LEIPZIG,391736,ninebot_g3,085WOD,True,escooter,False,False
vehicle,45ac0ce4-7261-4520-8542-5eee4e1f6c48,ACTIVE,2023-09-22T03:30:13Z,2023-09-18T23:53:46Z,86,40000,51.357458,12.376942,20,LEIPZIG,391737,ninebot_g3,005WOD,True,escooter,False,False
vehicle,7046a0b5-f0f5-4bf9-a297-ee3707c0c590,ACTIVE,2023-09-21T17:01:19Z,2023-09-14T16:29:09Z,68,30000,51.34987,12.463268,20,LEIPZIG,391738,ninebot_g3,189WOD,True,escooter,False,False
vehicle,46c0df59-86d9-4613-ab67-e8873bf814f0,ACTIVE,2023-09-21T08:43:44Z,2023-09-20T20:31:08Z,89,41000,51.349863,12.463304,20,LEIPZIG,391740,ninebot_g3,108WOD,True,escooter,False,False
vehicle,b71e7271-db11-4f7f-bb34-2d40f6a686a4,ACTIVE,2023-09-22T00:11:24Z,2023-09-21T20:14:02Z,88,41000,51.3012,12.38458,20,LEIPZIG,391862,ninebot_g3,073WOD,True,escooter,False,False
vehicle,8500429c-302d-417c-b01f-7a2cb2c9923e,ACTIVE,2023-09-22T04:24:58Z,2023-09-21T00:15:13Z,88,41000,51.36125,12.381285,20,LEIPZIG,391866,ninebot_g3,755WOS,True,escooter,False,False
vehicle,1cb5f9eb-ea10-436f-8e17-537f9ae7d8f0,ACTIVE,2023-09-22T05:02:47Z,2023-09-19T23:39:49Z,65,28000,51.323102,12.28712,20,LEIPZIG,391867,ninebot_g3,754WOS,True,escooter,False,False
vehicle,2076455e-2d90-4ed6-a9cb-9085c2d0c87c,ACTIVE,2023-09-22T03:10:39Z,2023-09-17T00:17:20Z,77,35000,51.3323,12.395349,20,LEIPZIG,391869,ninebot_g3,129WOD,True,escooter,False,False
vehicle,68a6391e-fe5f-4fde-aa79-b14466c3296c,ACTIVE,2023-09-22T07:29:19Z,2023-09-18T23:51:25Z,42,15000,51.320539,12.32666,20,LEIPZIG,391872,ninebot_g3,143WOD,True,escooter,False,False
vehicle,dd0547c7-b01b-4cfb-a0b6-bba6fc2397a7,ACTIVE,2023-09-22T05:36:17Z,2023-09-17T22:43:43Z,74,33000,51.33231,12.395346,20,LEIPZIG,391883,ninebot_g3,756WOS,True,escooter,False,False
vehicle,fff9328b-ae34-4f62-86b0-2a40396c0e2e,ACTIVE,2023-09-22T08:25:14Z,2023-09-18T19:21:52Z,68,30000,51.302742,12.426324,20,LEIPZIG,391884,ninebot_g3,972WOS,True,escooter,False,False
vehicle,14866315-f096-4918-9cd5-eb9fe91c6656,ACTIVE,2023-09-22T07:57:26Z,2023-09-22T00:07:45Z,67,29000,51.348961,12.355124,20,LEIPZIG,391893,ninebot_g3,082WOD,True,escooter,False,False
vehicle,14c0ffdb-9eb7-45c1-aa70-88d8c8cbd503,ACTIVE,2023-09-22T05:32:05Z,2023-09-21T00:28:33Z,89,41000,51.371806,12.364372,20,LEIPZIG,391903,ninebot_g3,159WOD,True,escooter,False,False
vehicle,ebc3adc2-37b4-48ef-bef5-6d5e63c0613a,ACTIVE,2023-09-22T01:40:06Z,2023-09-16T22:07:26Z,70,31000,51.344655,12.309863,20,LEIPZIG,391921,ninebot_g3,003WOD,True,escooter,False,False
vehicle,fa03ab3f-de7c-4350-a87c-569c625f86c9,ACTIVE,2023-09-21T13:20:20Z,2023-09-19T23:29:16Z,68,30000,51.343078,12.36524,20,LEIPZIG,391924,ninebot_g3,913WOS,True,escooter,False,False
vehicle,4bd74ec4-af36-4162-b2db-24259f7c9bff,ACTIVE,2023-09-22T08:20:37Z,2023-09-22T00:54:50Z,71,31000,51.320496,12.404624,20,LEIPZIG,391927,ninebot_g3,125WOD,True,escooter,False,False
vehicle,3df0ef9e-3248-4b73-a37a-08f3ef17079f,ACTIVE,2023-09-22T04:26:47Z,2023-09-20T19:13:39Z,84,39000,51.33236,12.395389,20,LEIPZIG,391928,ninebot_g3,181WOD,True,escooter,False,False
vehicle,15ad97f1-5a6b-4c9b-a387-0a929dae96b9,ACTIVE,2023-09-22T08:19:47Z,2023-09-21T00:31:43Z,81,37000,51.344609,12.370711,20,LEIPZIG,391934,ninebot_g3,720WNT,True,escooter,False,False
vehicle,406c1796-74e2-4426-8ba6-233c20b70534,ACTIVE,2023-09-21T22:12:32Z,2023-09-21T19:50:01Z,92,43000,51.301229,12.384437,20,LEIPZIG,391936,ninebot_g3,752WOS,True,escooter,False,False
vehicle,82f784cc-0451-45f3-b137-611ceb33bef6,ACTIVE,2023-09-22T02:06:09Z,2023-09-22T00:12:37Z,94,44000,51.338645,12.362564,20,LEIPZIG,391939,ninebot_g3,966WOS,True,escooter,False,False
vehicle,369f53c7-01ff-4ed0-b931-01af97e51843,ACTIVE,2023-09-22T08:42:45Z,2023-09-21T23:49:30Z,88,41000,51.347906,12.375802,20,LEIPZIG,391941,ninebot_g3,034WOD,True,escooter,False,False
vehicle,8ff802a0-7a8f-452d-8729-a75688902352,ACTIVE,2023-09-22T08:17:31Z,2023-09-13T19:11:26Z,59,25000,51.311584,12.372339,20,LEIPZIG,391945,ninebot_g3,057WOD,True,escooter,False,False
vehicle,dc7df1fa-4b6d-4bee-a374-67bbda28f45f,ACTIVE,2023-09-22T07:27:42Z,2023-09-21T09:21:01Z,56,23000,51.367175,12.34558,20,LEIPZIG,391952,ninebot_g3,933WOS,True,escooter,False,False
vehicle,768d7967-003a-446b-aa4c-1c8d80a593e6,ACTIVE,2023-09-21T13:14:52Z,2023-09-14T16:28:40Z,67,29000,51.34983,12.463301,20,LEIPZIG,391957,ninebot_g3,031WOD,True,escooter,False,False
vehicle,b8ae6628-7da8-4394-af9e-f04cd9d55c84,ACTIVE,2023-09-22T02:44:21Z,2023-09-21T22:28:39Z,89,41000,51.351534,12.407086,20,LEIPZIG,391961,ninebot_g3,749WOS,True,escooter,False,False
vehicle,95c26abe-d430-47b4-93c9-d40691fbf8c9,ACTIVE,2023-09-22T08:21:40Z,2023-09-18T23:55:16Z,61,26000,51.351712,12.372975,20,LEIPZIG,391966,ninebot_g3,120WOD,True,escooter,False,False
vehicle,7dd3cd11-370d-4f7c-8746-7239c8f128a9,ACTIVE,2023-09-22T08:38:04Z,2023-09-20T19:37:01Z,67,29000,51.336619,12.374774,20,LEIPZIG,391967,ninebot_g3,779WOS,True,escooter,False,False
vehicle,b8111955-a55d-4d99-847d-f1a1c59009ee,ACTIVE,2023-09-22T03:16:05Z,2023-09-14T17:56:14Z,52,21000,51.344637,12.309886,20,LEIPZIG,391977,ninebot_g3,907WOS,True,escooter,False,False
vehicle,eb02ce6e-c707-4ade-ae81-2436ebcd0a9b,ACTIVE,2023-09-21T13:35:50Z,2023-09-10T08:59:51Z,24,6000,51.325037,12.307946,20,LEIPZIG,391999,ninebot_g3,994WOS,True,escooter,False,False
vehicle,27e6725b-c97a-4edb-bde8-cade17170064,ACTIVE,2023-09-22T08:02:47Z,2023-09-22T01:11:06Z,90,42000,51.344903,12.379287,20,LEIPZIG,392009,ninebot_g3,905WOS,True,escooter,False,False
vehicle,05727254-0521-40bb-b9d1-5b09adb97c7a,ACTIVE,2023-09-22T08:23:50Z,2023-09-21T22:30:28Z,87,40000,51.344659,12.379307,20,LEIPZIG,392021,ninebot_g3,019WOD,True,escooter,False,False
vehicle,ed81ad73-2035-4fe7-8bc9-298c7ba8d4d8,ACTIVE,2023-09-21T21:41:39Z,2023-09-18T22:49:35Z,40,14000,51.319606,12.342147,20,LEIPZIG,392047,ninebot_g3,091WOD,True,escooter,False,False
vehicle,a8294efe-821e-4cf5-b595-159f76a62c8e,ACTIVE,2023-09-22T06:43:46Z,2023-09-21T22:21:03Z,88,41000,51.343996,12.38335,20,LEIPZIG,392060,ninebot_g3,952WOS,True,escooter,False,False
vehicle,3f8981d6-8514-42f1-8235-df96828f81a5,ACTIVE,2023-09-22T07:53:07Z,2023-09-22T00:14:55Z,90,42000,51.336674,12.374779,20,LEIPZIG,392091,ninebot_g3,118WOD,True,escooter,False,False
vehicle,f7d16ce5-ef26-4c62-b40b-7066920e8e45,ACTIVE,2023-09-22T08:33:16Z,2023-09-21T05:22:58Z,73,32000,51.345701,12.390093,20,LEIPZIG,392094,ninebot_g3,002WOD,True,escooter,False,False
vehicle,1b70e51d-5df8-4eba-83f1-7f4e0a87604b,ACTIVE,2023-09-22T08:37:48Z,2023-09-22T01:47:01Z,51,20000,51.349842,12.463245,20,LEIPZIG,392250,ninebot_g3,766WOS,True,escooter,False,False
vehicle,8c63b456-64aa-4544-962b-75ee15288c6d,ACTIVE,2023-09-22T08:14:08Z,2023-09-11T20:21:23Z,48,19000,51.371842,12.364457,20,LEIPZIG,392629,ninebot_g3,123WNT,True,escooter,False,False
vehicle,4cb3a2ca-dd40-48bc-b5dd-8a165b125c35,ACTIVE,2023-09-22T08:34:48Z,2023-09-18T21:29:33Z,41,15000,51.338629,12.403821,20,LEIPZIG,392752,ninebot_g3,794WOS,True,escooter,False,False
vehicle,e83c5af1-ad5a-4152-9112-5f132c5ad4f2,ACTIVE,2023-09-22T08:01:54Z,2023-09-21T22:29:44Z,88,41000,51.375714,12.378676,20,LEIPZIG,392858,ninebot_g3,918WOS,True,escooter,False,False
vehicle,26d239ec-e4f1-4c5d-9f39-2452cb9aea26,ACTIVE,2023-09-22T08:41:06Z,2023-09-17T19:37:35Z,74,33000,51.371844,12.364431,20,LEIPZIG,393373,ninebot_g3,087WNT,True,escooter,False,False
vehicle,d749b9d6-8c24-4b6a-beb0-68d831c8c47d,ACTIVE,2023-09-22T08:12:04Z,2023-09-19T23:59:33Z,48,19000,51.330321,12.315347,20,LEIPZIG,393385,ninebot_g3,194WNT,True,escooter,False,False
vehicle,de700fb5-c10e-448f-8353-073d13f8eeb3,ACTIVE,2023-09-22T08:29:59Z,2023-09-18T23:58:49Z,34,11000,51.330346,12.315359,20,LEIPZIG,393407,ninebot_g3,046WNT,True,escooter,False,False
vehicle,186bf69c-0a0c-4088-806b-8a0af317a7af,ACTIVE,2023-09-22T08:42:57Z,2023-09-17T22:20:21Z,70,31000,51.302761,12.426295,20,LEIPZIG,393469,ninebot_g3,863WOS,True,escooter,False,False
vehicle,10311543-0c43-4e5d-8ad8-c8efc9ef51bd,ACTIVE,2023-09-22T07:45:06Z,2023-09-18T19:58:55Z,50,20000,51.323076,12.287298,20,LEIPZIG,393873,ninebot_g3,098WOS,True,escooter,False,False
vehicle,a1186284-1228-4d1c-ac7b-57cf6756fd86,ACTIVE,2023-09-22T08:41:53Z,2023-09-21T21:52:44Z,92,43000,51.353786,12.411351,20,LEIPZIG,394118,ninebot_g3,335WNT,True,escooter,False,False
vehicle,e852b21b-50d4-40e9-8bee-581cc4060cca,ACTIVE,2023-09-22T08:38:51Z,2023-09-21T00:30:32Z,90,42000,51.371852,12.364413,20,LEIPZIG,395149,ninebot_g3,917WOS,True,escooter,False,False
vehicle,8b5e7dfb-53d6-435a-81d9-01f5572b25c5,ACTIVE,2023-09-22T08:40:54Z,2023-09-20T20:59:41Z,69,30000,51.332324,12.39542,20,LEIPZIG,395249,ninebot_g3,762WOS,True,escooter,False,False
vehicle,efba8089-7c8e-4794-adfd-800272aa8096,ACTIVE,2023-09-22T08:41:10Z,2023-09-19T19:07:07Z,87,40000,51.302792,12.426311,20,LEIPZIG,395359,ninebot_g3,750WOS,True,escooter,False,False
vehicle,6bfa7f52-07b7-4636-a559-7d67f9224839,ACTIVE,2023-09-22T07:47:36Z,2023-09-18T23:43:39Z,46,18000,51.320556,12.326905,20,LEIPZIG,395654,ninebot_g3,363WNT,True,escooter,False,False
vehicle,fe5ff4fc-4475-4c6c-9da8-719f9188d78a,ACTIVE,2023-09-22T07:56:19Z,2023-09-22T00:07:46Z,84,39000,51.324304,12.337455,20,LEIPZIG,395776,ninebot_g3,853WOS,True,escooter,False,False
vehicle,d4d3cd8b-8328-4024-baf5-4cf310733cba,ACTIVE,2023-09-22T08:10:32Z,2023-09-13T17:34:08Z,53,21000,51.302784,12.426341,20,LEIPZIG,395779,ninebot_g3,852WOS,True,escooter,False,False
vehicle,ddd8dc0a-d25e-45de-902b-99b14cb38c2f,ACTIVE,2023-09-22T08:16:10Z,2023-09-19T23:59:32Z,69,30000,51.301193,12.395743,20,LEIPZIG,395781,ninebot_g3,777WOS,True,escooter,False,False
vehicle,b455a888-9135-4eb7-a229-d831d4812861,ACTIVE,2023-09-22T08:40:05Z,2023-09-21T21:53:03Z,93,43000,51.353802,12.411273,20,LEIPZIG,395837,ninebot_g3,111WNT,True,escooter,False,False
vehicle,3f21d256-eb74-4dcb-8a08-6dc2347b4fb3,ACTIVE,2023-09-22T08:41:29Z,2023-09-19T23:05:04Z,66,29000,51.351639,12.407054,20,LEIPZIG,395845,ninebot_g3,001WNT,True,escooter,False,False
vehicle,6e014b32-77eb-49cf-ad4a-cb23a88fd42a,ACTIVE,2023-09-22T08:38:05Z,2023-09-21T23:09:11Z,93,43000,51.367188,12.345555,20,LEIPZIG,395855,ninebot_g3,140WNT,True,escooter,False,False
vehicle,b51dc467-9583-42b4-b8d2-90a64d20066b,ACTIVE,2023-09-22T07:51:32Z,2023-09-18T19:00:58Z,55,23000,51.302801,12.426322,20,LEIPZIG,395876,ninebot_g3,463WPP,True,escooter,False,False
vehicle,280a9fd2-5442-4f35-b7b2-73d1524f9ce1,ACTIVE,2023-09-22T08:40:55Z,2023-09-21T00:50:12Z,70,31000,51.361197,12.38107,20,LEIPZIG,395987,ninebot_g3,856WOS,True,escooter,False,False
vehicle,79b018a8-7752-4cb8-a2ca-76587fd2f413,ACTIVE,2023-09-22T07:42:51Z,2023-09-21T00:29:41Z,89,41000,51.371863,12.36437,20,LEIPZIG,395998,ninebot_g3,009WOD,True,escooter,False,False
vehicle,ac8b4e64-c534-4358-ada4-3b2a7a450ecf,ACTIVE,2023-09-22T08:42:51Z,2023-09-18T20:56:46Z,46,18000,51.341177,12.324081,20,LEIPZIG,396486,ninebot_g3,124WOD,True,escooter,False,False
vehicle,e10de838-d719-4436-9ca2-839fa1dcae3a,ACTIVE,2023-09-22T08:42:12Z,2023-09-18T21:46:06Z,65,28000,51.330307,12.315348,20,LEIPZIG,396538,ninebot_g3,757WOS,True,escooter,False,False
vehicle,e5435a50-ebce-4b6d-a1f2-df8c055580ba,ACTIVE,2023-09-22T08:38:55Z,2023-09-21T23:05:31Z,92,43000,51.366528,12.350307,20,LEIPZIG,397074,ninebot_g3,230WOS,True,escooter,False,False
vehicle,bb42ee31-c84f-4568-9ca4-45706f16fa3e,ACTIVE,2023-09-22T08:23:40Z,2023-09-21T19:46:15Z,90,42000,51.301182,12.395722,20,LEIPZIG,397092,ninebot_g3,634WOX,True,escooter,False,False
vehicle,29b45746-0a55-4b2f-b13a-a3552293b226,ACTIVE,2023-09-22T07:49:20Z,2023-09-14T16:57:44Z,27,7000,51.335528,12.355989,20,LEIPZIG,397191,ninebot_g3,886WNT,True,escooter,False,False
vehicle,33a68cce-1afe-4dcb-a9f6-b9a7b1bd05b6,ACTIVE,2023-09-22T08:12:50Z,2023-09-21T22:41:25Z,92,43000,51.361214,12.381168,20,LEIPZIG,397219,ninebot_g3,048WOD,True,escooter,False,False
vehicle,0f6ca81a-634b-4340-a4ee-54b90139324a,ACTIVE,2023-09-22T08:33:09Z,2023-09-19T20:43:21Z,65,28000,51.301154,12.395746,20,LEIPZIG,397591,ninebot_g3,930WOS,True,escooter,False,False
vehicle,7ba10c82-a30a-4ac0-80f2-3a1760be4270,ACTIVE,2023-09-22T08:15:39Z,2023-09-19T23:39:48Z,78,35000,51.338643,12.362497,20,LEIPZIG,397707,ninebot_g3,002WNT,True,escooter,False,False
vehicle,f734b350-414f-4141-9fc6-284e2ff2aad8,ACTIVE,2023-09-22T08:42:36Z,2023-09-20T19:57:07Z,72,32000,51.337787,12.381799,20,LEIPZIG,397719,ninebot_g3,158WNT,True,escooter,False,False
vehicle,81147dc3-23c6-4e0a-8967-59340f98c914,ACTIVE,2023-09-22T08:06:21Z,2023-09-18T21:59:16Z,53,21000,51.371843,12.364401,20,LEIPZIG,397963,ninebot_g3,854WOS,True,escooter,False,False
vehicle,39786a34-f577-480e-ae3d-e7c75c306101,ACTIVE,2023-09-22T08:22:43Z,2023-09-21T23:25:22Z,91,42000,51.36107,12.37017,20,LEIPZIG,397976,ninebot_g3,930WOX,True,escooter,False,False
vehicle,3dd0abd0-8db7-4bdf-b2bb-e943701de9ab,ACTIVE,2023-09-22T08:00:54Z,2023-09-19T20:24:57Z,87,40000,51.316688,12.378143,20,LEIPZIG,398058,ninebot_g3,115WOS,True,escooter,False,False
vehicle,d6e5833b-0bd5-4d24-ba65-d4be575679f0,ACTIVE,2023-09-22T07:54:04Z,2023-09-17T22:21:39Z,68,30000,51.302776,12.426303,20,LEIPZIG,398067,ninebot_g3,702WNT,True,escooter,False,False
vehicle,7b2fe8af-e8f8-4225-97ab-d2c23fda2b2a,ACTIVE,2023-09-22T07:52:21Z,2023-09-20T00:14:10Z,61,26000,51.371811,12.36435,20,LEIPZIG,398069,ninebot_g3,967WNT,True,escooter,False,False
vehicle,34e8c983-4d78-4c74-a98c-d3d2afc3cfd7,ACTIVE,2023-09-22T08:39:27Z,2023-09-20T19:57:49Z,79,36000,51.353823,12.411295,20,LEIPZIG,418869,ninebot_g3,167WNT,True,escooter,False,False
